{"cameraMode":{"drawMode":0,"name":"Shaded","section":"Shading Mode"},"sceneLighting":true,"audioPlay":false,"sceneViewState":{"m_AlwaysRefresh":false,"showFog":true,"showSkybox":true,"showFlares":true,"showImageEffects":true,"showParticleSystems":true,"showVisualEffectGraphs":true,"m_FxEnabled":true},"in2DMode":false,"pivot":{"x":-5.085670471191406,"y":2.384185791015625e-7,"z":-6.619749069213867},"rotation":{"x":0.0037362277507781984,"y":-0.9886429309844971,"z":0.14820565283298493,"w":0.024914806708693506},"size":3.2303414344787599,"orthographic":true}